db,table,rows,col_idx,col_name,col_type,notnull,pk,null_rate
운영 DB (cost_analysis.db),actual_costs,931,0,actual_cost_id,INTEGER,0,1,0.0000
운영 DB (cost_analysis.db),actual_costs,931,1,project_id,INTEGER,1,0,0.0000
운영 DB (cost_analysis.db),actual_costs,931,2,work_code_id,INTEGER,1,0,0.0000
운영 DB (cost_analysis.db),actual_costs,931,3,material_id,INTEGER,0,0,1.0000
운영 DB (cost_analysis.db),actual_costs,931,4,actual_quantity,REAL,0,0,1.0000
운영 DB (cost_analysis.db),actual_costs,931,5,unit,TEXT,0,0,1.0000
운영 DB (cost_analysis.db),actual_costs,931,6,unit_price,REAL,0,0,1.0000
운영 DB (cost_analysis.db),actual_costs,931,7,total_amount,INTEGER,1,0,0.0000
운영 DB (cost_analysis.db),actual_costs,931,8,settlement_date,TEXT,1,0,0.0000
운영 DB (cost_analysis.db),actual_costs,931,9,vendor_name,TEXT,0,0,0.1224
운영 DB (cost_analysis.db),actual_costs,931,10,invoice_no,TEXT,0,0,1.0000
운영 DB (cost_analysis.db),actual_costs,931,11,payment_status,TEXT,0,0,0.0000
운영 DB (cost_analysis.db),actual_costs,931,12,source_system,TEXT,0,0,0.0000
운영 DB (cost_analysis.db),actual_costs,931,13,source_ref,TEXT,0,0,0.0000
운영 DB (cost_analysis.db),actual_costs,931,14,raw_description,TEXT,0,0,0.0000
운영 DB (cost_analysis.db),actual_costs,931,15,promotion_status,TEXT,0,0,0.0000
운영 DB (cost_analysis.db),actual_costs,931,16,validated_by,TEXT,0,0,1.0000
운영 DB (cost_analysis.db),actual_costs,931,17,validated_at,TEXT,0,0,1.0000
운영 DB (cost_analysis.db),actual_costs,931,18,reject_reason,TEXT,0,0,1.0000
운영 DB (cost_analysis.db),actual_costs,931,19,receipt_id,TEXT,0,0,0.0000
운영 DB (cost_analysis.db),actual_costs,931,20,created_at,TEXT,0,0,0.0000
운영 DB (cost_analysis.db),actual_costs,931,21,cost_type,TEXT,0,0,0.0000
운영 DB (cost_analysis.db),actual_costs,931,22,package,TEXT,0,0,1.0000
운영 DB (cost_analysis.db),audit_log,0,0,audit_id,INTEGER,0,1,
운영 DB (cost_analysis.db),audit_log,0,1,table_name,TEXT,1,0,
운영 DB (cost_analysis.db),audit_log,0,2,record_id,TEXT,1,0,
운영 DB (cost_analysis.db),audit_log,0,3,action,TEXT,1,0,
운영 DB (cost_analysis.db),audit_log,0,4,old_values,TEXT,0,0,
운영 DB (cost_analysis.db),audit_log,0,5,new_values,TEXT,0,0,
운영 DB (cost_analysis.db),audit_log,0,6,changed_by,TEXT,0,0,
운영 DB (cost_analysis.db),audit_log,0,7,changed_at,TEXT,0,0,
운영 DB (cost_analysis.db),audit_log,0,8,reason,TEXT,0,0,
운영 DB (cost_analysis.db),bim_quantities,2455,0,bim_qty_id,INTEGER,0,1,0.0000
운영 DB (cost_analysis.db),bim_quantities,2455,1,ifc_file_id,INTEGER,1,0,0.0000
운영 DB (cost_analysis.db),bim_quantities,2455,2,work_code_id,INTEGER,1,0,0.0000
운영 DB (cost_analysis.db),bim_quantities,2455,3,material_id,INTEGER,0,0,0.0000
운영 DB (cost_analysis.db),bim_quantities,2455,4,quantity,REAL,1,0,0.0000
운영 DB (cost_analysis.db),bim_quantities,2455,5,unit,TEXT,1,0,0.0000
운영 DB (cost_analysis.db),bim_quantities,2455,6,ifc_element_type,TEXT,0,0,0.0000
운영 DB (cost_analysis.db),bim_quantities,2455,7,ifc_element_count,INTEGER,0,0,0.0000
운영 DB (cost_analysis.db),bim_quantities,2455,8,extraction_method,TEXT,0,0,0.0000
운영 DB (cost_analysis.db),bim_quantities,2455,9,receipt_id,TEXT,0,0,0.0000
운영 DB (cost_analysis.db),bim_quantities,2455,10,extracted_at,TEXT,0,0,0.0000
운영 DB (cost_analysis.db),bim_unit_conversions,11,0,conversion_id,INTEGER,0,1,0.0000
운영 DB (cost_analysis.db),bim_unit_conversions,11,1,ifc_element_type,TEXT,1,0,0.0000
운영 DB (cost_analysis.db),bim_unit_conversions,11,2,normalized_work_code,TEXT,1,0,0.0000
운영 DB (cost_analysis.db),bim_unit_conversions,11,3,source_unit,TEXT,1,0,0.0000
운영 DB (cost_analysis.db),bim_unit_conversions,11,4,target_unit,TEXT,1,0,0.0000
운영 DB (cost_analysis.db),bim_unit_conversions,11,5,multiplier,REAL,1,0,0.0000
운영 DB (cost_analysis.db),bim_unit_conversions,11,6,source_note,TEXT,0,0,0.0000
운영 DB (cost_analysis.db),bim_unit_conversions,11,7,is_default,INTEGER,1,0,0.0000
운영 DB (cost_analysis.db),bim_unit_conversions,11,8,created_at,TEXT,0,0,0.0000
운영 DB (cost_analysis.db),cost_predictions,181,0,prediction_id,INTEGER,0,1,0.0000
운영 DB (cost_analysis.db),cost_predictions,181,1,project_id,INTEGER,0,0,0.0000
운영 DB (cost_analysis.db),cost_predictions,181,2,module_type_id,INTEGER,0,0,0.5635
운영 DB (cost_analysis.db),cost_predictions,181,3,predicted_total,INTEGER,1,0,0.0000
운영 DB (cost_analysis.db),cost_predictions,181,4,confidence_lower,INTEGER,0,0,0.0497
운영 DB (cost_analysis.db),cost_predictions,181,5,confidence_upper,INTEGER,0,0,0.0497
운영 DB (cost_analysis.db),cost_predictions,181,6,breakdown,TEXT,1,0,0.0000
운영 DB (cost_analysis.db),cost_predictions,181,7,model_version,TEXT,0,0,0.0000
운영 DB (cost_analysis.db),cost_predictions,181,8,input_features,TEXT,0,0,0.0000
운영 DB (cost_analysis.db),cost_predictions,181,9,similar_cases,TEXT,0,0,0.1381
운영 DB (cost_analysis.db),cost_predictions,181,10,predicted_by,TEXT,0,0,0.0000
운영 DB (cost_analysis.db),cost_predictions,181,11,predicted_at,TEXT,0,0,0.0000
운영 DB (cost_analysis.db),cost_predictions,181,12,actual_amount,INTEGER,0,0,0.2818
운영 DB (cost_analysis.db),cost_predictions,181,13,error_pct,REAL,0,0,0.2818
운영 DB (cost_analysis.db),curation_logs,0,0,curation_log_id,INTEGER,0,1,
운영 DB (cost_analysis.db),curation_logs,0,1,actual_cost_id,INTEGER,1,0,
운영 DB (cost_analysis.db),curation_logs,0,2,old_status,TEXT,0,0,
운영 DB (cost_analysis.db),curation_logs,0,3,new_status,TEXT,1,0,
운영 DB (cost_analysis.db),curation_logs,0,4,reason,TEXT,0,0,
운영 DB (cost_analysis.db),curation_logs,0,5,changed_by,TEXT,0,0,
운영 DB (cost_analysis.db),curation_logs,0,6,changed_at,TEXT,0,0,
운영 DB (cost_analysis.db),db_meta,5,0,key,TEXT,0,1,0.0000
운영 DB (cost_analysis.db),db_meta,5,1,value,TEXT,0,0,0.0000
운영 DB (cost_analysis.db),ifc_files,9,0,ifc_file_id,INTEGER,0,1,0.0000
운영 DB (cost_analysis.db),ifc_files,9,1,project_id,INTEGER,0,0,0.0000
운영 DB (cost_analysis.db),ifc_files,9,2,module_type_id,INTEGER,0,0,0.0000
운영 DB (cost_analysis.db),ifc_files,9,3,file_path,TEXT,1,0,0.0000
운영 DB (cost_analysis.db),ifc_files,9,4,file_hash,TEXT,0,0,1.0000
운영 DB (cost_analysis.db),ifc_files,9,5,revit_version,TEXT,0,0,1.0000
운영 DB (cost_analysis.db),ifc_files,9,6,ifc_schema,TEXT,0,0,0.0000
운영 DB (cost_analysis.db),ifc_files,9,7,parsed_at,TEXT,0,0,0.0000
운영 DB (cost_analysis.db),ifc_files,9,8,parser_version,TEXT,0,0,0.0000
운영 DB (cost_analysis.db),ifc_files,9,9,file_size_mb,REAL,0,0,1.0000
운영 DB (cost_analysis.db),ifc_files,9,10,uploaded_by,TEXT,0,0,1.0000
운영 DB (cost_analysis.db),ifc_files,9,11,created_at,TEXT,0,0,0.0000
운영 DB (cost_analysis.db),ifc_jobs,3,0,ifc_job_id,INTEGER,0,1,0.0000
운영 DB (cost_analysis.db),ifc_jobs,3,1,file_name,TEXT,1,0,0.0000
운영 DB (cost_analysis.db),ifc_jobs,3,2,file_path,TEXT,1,0,0.0000
운영 DB (cost_analysis.db),ifc_jobs,3,3,file_size,INTEGER,0,0,0.0000
운영 DB (cost_analysis.db),ifc_jobs,3,4,project_code,TEXT,0,0,0.0000
운영 DB (cost_analysis.db),ifc_jobs,3,5,status,TEXT,1,0,0.0000
운영 DB (cost_analysis.db),ifc_jobs,3,6,error_message,TEXT,0,0,1.0000
운영 DB (cost_analysis.db),ifc_jobs,3,7,bim_count,INTEGER,0,0,0.0000
운영 DB (cost_analysis.db),ifc_jobs,3,8,started_at,TEXT,0,0,0.0000
운영 DB (cost_analysis.db),ifc_jobs,3,9,completed_at,TEXT,0,0,0.0000
운영 DB (cost_analysis.db),ifc_jobs,3,10,created_by,TEXT,0,0,1.0000
운영 DB (cost_analysis.db),ifc_jobs,3,11,created_at,TEXT,0,0,0.0000
운영 DB (cost_analysis.db),ifc_project_link_reviews,9,0,review_id,INTEGER,0,1,0.0000
운영 DB (cost_analysis.db),ifc_project_link_reviews,9,1,ifc_file_id,INTEGER,1,0,0.0000
운영 DB (cost_analysis.db),ifc_project_link_reviews,9,2,db_file_name,TEXT,0,0,1.0000
운영 DB (cost_analysis.db),ifc_project_link_reviews,9,3,candidate_file_name,TEXT,0,0,1.0000
운영 DB (cost_analysis.db),ifc_project_link_reviews,9,4,current_project_code,TEXT,0,0,1.0000
운영 DB (cost_analysis.db),ifc_project_link_reviews,9,5,approved_project_code,TEXT,0,0,1.0000
운영 DB (cost_analysis.db),ifc_project_link_reviews,9,6,current_module_code,TEXT,0,0,1.0000
운영 DB (cost_analysis.db),ifc_project_link_reviews,9,7,approved_module_code,TEXT,0,0,1.0000
운영 DB (cost_analysis.db),ifc_project_link_reviews,9,8,approval_status,TEXT,1,0,0.0000
운영 DB (cost_analysis.db),ifc_project_link_reviews,9,9,reviewer,TEXT,0,0,0.0000
운영 DB (cost_analysis.db),ifc_project_link_reviews,9,10,notes,TEXT,0,0,0.0000
운영 DB (cost_analysis.db),ifc_project_link_reviews,9,11,reviewed_at,TEXT,0,0,1.0000
운영 DB (cost_analysis.db),ifc_project_link_reviews,9,12,created_at,TEXT,0,0,0.0000
운영 DB (cost_analysis.db),kg_overrides,0,0,override_id,INTEGER,0,1,
운영 DB (cost_analysis.db),kg_overrides,0,1,target_type,TEXT,1,0,
운영 DB (cost_analysis.db),kg_overrides,0,2,target_id,TEXT,1,0,
운영 DB (cost_analysis.db),kg_overrides,0,3,field_name,TEXT,1,0,
운영 DB (cost_analysis.db),kg_overrides,0,4,old_value,TEXT,0,0,
운영 DB (cost_analysis.db),kg_overrides,0,5,new_value,TEXT,1,0,
운영 DB (cost_analysis.db),kg_overrides,0,6,reason,TEXT,0,0,
운영 DB (cost_analysis.db),kg_overrides,0,7,changed_by,TEXT,0,0,
운영 DB (cost_analysis.db),kg_overrides,0,8,created_at,TEXT,0,0,
운영 DB (cost_analysis.db),kg_validation_issues,0,0,issue_id,INTEGER,0,1,
운영 DB (cost_analysis.db),kg_validation_issues,0,1,issue_type,TEXT,1,0,
운영 DB (cost_analysis.db),kg_validation_issues,0,2,severity,TEXT,1,0,
운영 DB (cost_analysis.db),kg_validation_issues,0,3,node_id,TEXT,0,0,
운영 DB (cost_analysis.db),kg_validation_issues,0,4,edge_id,TEXT,0,0,
운영 DB (cost_analysis.db),kg_validation_issues,0,5,message,TEXT,1,0,
운영 DB (cost_analysis.db),kg_validation_issues,0,6,status,TEXT,0,0,
운영 DB (cost_analysis.db),kg_validation_issues,0,7,created_at,TEXT,0,0,
운영 DB (cost_analysis.db),loss_factors,6,0,loss_factor_id,INTEGER,0,1,0.0000
운영 DB (cost_analysis.db),loss_factors,6,1,work_code_id,INTEGER,1,0,0.0000
운영 DB (cost_analysis.db),loss_factors,6,2,module_type_id,INTEGER,0,0,1.0000
운영 DB (cost_analysis.db),loss_factors,6,3,loss_ratio,REAL,1,0,0.0000
운영 DB (cost_analysis.db),loss_factors,6,4,sample_count,INTEGER,1,0,0.0000
운영 DB (cost_analysis.db),loss_factors,6,5,std_deviation,REAL,0,0,0.0000
운영 DB (cost_analysis.db),loss_factors,6,6,confidence_lower,REAL,0,0,1.0000
운영 DB (cost_analysis.db),loss_factors,6,7,confidence_upper,REAL,0,0,1.0000
운영 DB (cost_analysis.db),loss_factors,6,8,calculation_date,TEXT,1,0,0.0000
운영 DB (cost_analysis.db),loss_factors,6,9,valid_from,TEXT,1,0,0.0000
운영 DB (cost_analysis.db),loss_factors,6,10,valid_to,TEXT,0,0,1.0000
운영 DB (cost_analysis.db),loss_factors,6,11,notes,TEXT,0,0,0.0000
운영 DB (cost_analysis.db),material_aliases,250,0,alias_id,INTEGER,0,1,0.0000
운영 DB (cost_analysis.db),material_aliases,250,1,material_id,INTEGER,1,0,0.0000
운영 DB (cost_analysis.db),material_aliases,250,2,alias_name,TEXT,1,0,0.0000
운영 DB (cost_analysis.db),material_aliases,250,3,alias_source,TEXT,0,0,0.0000
운영 DB (cost_analysis.db),material_aliases,250,4,confidence,REAL,0,0,0.0000
운영 DB (cost_analysis.db),material_aliases,250,5,approved_by,TEXT,0,0,1.0000
운영 DB (cost_analysis.db),material_aliases,250,6,approved_at,TEXT,0,0,1.0000
운영 DB (cost_analysis.db),materials,3356,0,material_id,INTEGER,0,1,0.0000
운영 DB (cost_analysis.db),materials,3356,1,canonical_name,TEXT,1,0,0.0000
운영 DB (cost_analysis.db),materials,3356,2,work_code_id,INTEGER,0,0,0.0000
운영 DB (cost_analysis.db),materials,3356,3,spec,TEXT,0,0,0.8975
운영 DB (cost_analysis.db),materials,3356,4,default_unit,TEXT,0,0,0.0000
운영 DB (cost_analysis.db),ml_model_info,8,0,id,INTEGER,0,1,0.0000
운영 DB (cost_analysis.db),ml_model_info,8,1,model_version,TEXT,0,0,0.0000
운영 DB (cost_analysis.db),ml_model_info,8,2,n_samples,INTEGER,0,0,0.0000
운영 DB (cost_analysis.db),ml_model_info,8,3,features,TEXT,0,0,0.0000
운영 DB (cost_analysis.db),ml_model_info,8,4,mae_loo,REAL,0,0,0.8750
운영 DB (cost_analysis.db),ml_model_info,8,5,mape_loo,REAL,0,0,0.0000
운영 DB (cost_analysis.db),ml_model_info,8,6,mae_train,REAL,0,0,0.8750
운영 DB (cost_analysis.db),ml_model_info,8,7,intercept,REAL,0,0,0.8750
운영 DB (cost_analysis.db),ml_model_info,8,8,coefficients,TEXT,0,0,0.0000
운영 DB (cost_analysis.db),ml_model_info,8,9,created_at,TEXT,0,0,0.0000
운영 DB (cost_analysis.db),module_types,17,0,module_type_id,INTEGER,0,1,0.0000
운영 DB (cost_analysis.db),module_types,17,1,module_code,TEXT,1,0,0.0000
운영 DB (cost_analysis.db),module_types,17,2,module_name,TEXT,1,0,0.0000
운영 DB (cost_analysis.db),module_types,17,3,floor_area_m2,REAL,1,0,0.0000
운영 DB (cost_analysis.db),module_types,17,4,pyeong,REAL,0,0,0.0000
운영 DB (cost_analysis.db),module_types,17,5,structure_type,TEXT,0,0,0.0000
운영 DB (cost_analysis.db),module_types,17,6,finish_grade,TEXT,0,0,0.0000
운영 DB (cost_analysis.db),module_types,17,7,description,TEXT,0,0,1.0000
운영 DB (cost_analysis.db),module_types,17,8,created_at,TEXT,0,0,0.0000
운영 DB (cost_analysis.db),module_types,17,9,updated_at,TEXT,0,0,0.0000
운영 DB (cost_analysis.db),notion_export_costs,1209,0,export_cost_id,INTEGER,0,1,0.0000
운영 DB (cost_analysis.db),notion_export_costs,1209,1,export_file,TEXT,1,0,0.0000
운영 DB (cost_analysis.db),notion_export_costs,1209,2,imported_at,TEXT,1,0,0.0000
운영 DB (cost_analysis.db),notion_export_costs,1209,3,row_index,INTEGER,1,0,0.0000
운영 DB (cost_analysis.db),notion_export_costs,1209,4,project_code,TEXT,0,0,0.2308
운영 DB (cost_analysis.db),notion_export_costs,1209,5,project_name_raw,TEXT,0,0,0.0000
운영 DB (cost_analysis.db),notion_export_costs,1209,6,work_code,TEXT,0,0,0.2614
운영 DB (cost_analysis.db),notion_export_costs,1209,7,notion_work,TEXT,0,0,0.0000
운영 DB (cost_analysis.db),notion_export_costs,1209,8,cost_type,TEXT,0,0,0.0000
운영 DB (cost_analysis.db),notion_export_costs,1209,9,amount,INTEGER,1,0,0.0000
운영 DB (cost_analysis.db),notion_export_costs,1209,10,item_name,TEXT,0,0,0.0000
운영 DB (cost_analysis.db),notion_export_costs,1209,11,vendor_name,TEXT,0,0,0.0000
운영 DB (cost_analysis.db),notion_export_costs,1209,12,request_date,TEXT,0,0,0.0000
운영 DB (cost_analysis.db),notion_export_costs,1209,13,payment_date,TEXT,0,0,0.0000
운영 DB (cost_analysis.db),notion_export_costs,1209,14,payment_status,TEXT,0,0,0.0000
운영 DB (cost_analysis.db),notion_export_costs,1209,15,note,TEXT,0,0,0.0000
운영 DB (cost_analysis.db),notion_export_costs,1209,16,mapping_status,TEXT,1,0,0.0000
운영 DB (cost_analysis.db),notion_export_costs,1209,17,skip_reason,TEXT,0,0,0.7386
운영 DB (cost_analysis.db),partial_ifc_workcode_reviews,19,0,review_id,INTEGER,0,1,0.0000
운영 DB (cost_analysis.db),partial_ifc_workcode_reviews,19,1,ifc_file_id,INTEGER,1,0,0.0000
운영 DB (cost_analysis.db),partial_ifc_workcode_reviews,19,2,project_code,TEXT,0,0,0.0000
운영 DB (cost_analysis.db),partial_ifc_workcode_reviews,19,3,module_code,TEXT,0,0,0.0000
운영 DB (cost_analysis.db),partial_ifc_workcode_reviews,19,4,normalized_work_code,TEXT,1,0,0.0000
운영 DB (cost_analysis.db),partial_ifc_workcode_reviews,19,5,bim_unit,TEXT,0,0,0.0000
운영 DB (cost_analysis.db),partial_ifc_workcode_reviews,19,6,partial_use_status,TEXT,1,0,0.0000
운영 DB (cost_analysis.db),partial_ifc_workcode_reviews,19,7,approval_status,TEXT,1,0,0.0000
운영 DB (cost_analysis.db),partial_ifc_workcode_reviews,19,8,actual_amount,INTEGER,0,0,0.0000
운영 DB (cost_analysis.db),partial_ifc_workcode_reviews,19,9,bim_quantity,REAL,0,0,0.0000
운영 DB (cost_analysis.db),partial_ifc_workcode_reviews,19,10,actual_amount_per_bim_quantity,REAL,0,0,0.1053
운영 DB (cost_analysis.db),partial_ifc_workcode_reviews,19,11,cost_types,TEXT,0,0,0.0000
운영 DB (cost_analysis.db),partial_ifc_workcode_reviews,19,12,reason,TEXT,0,0,0.0000
운영 DB (cost_analysis.db),partial_ifc_workcode_reviews,19,13,reviewer,TEXT,0,0,0.0000
운영 DB (cost_analysis.db),partial_ifc_workcode_reviews,19,14,notes,TEXT,0,0,0.0000
운영 DB (cost_analysis.db),partial_ifc_workcode_reviews,19,15,reviewed_at,TEXT,0,0,0.0000
운영 DB (cost_analysis.db),partial_ifc_workcode_reviews,19,16,created_at,TEXT,0,0,0.0000
운영 DB (cost_analysis.db),partial_ifc_workcode_reviews,19,17,estimated_target_unit,TEXT,0,0,0.8947
운영 DB (cost_analysis.db),partial_ifc_workcode_reviews,19,18,estimated_quantity,REAL,0,0,0.8947
운영 DB (cost_analysis.db),partial_ifc_workcode_reviews,19,19,estimated_amount_per_unit,REAL,0,0,0.8947
운영 DB (cost_analysis.db),partial_ifc_workcode_reviews,19,20,estimation_source,TEXT,0,0,0.8947
운영 DB (cost_analysis.db),project_modules,9,0,project_module_id,INTEGER,0,1,0.0000
운영 DB (cost_analysis.db),project_modules,9,1,project_id,INTEGER,1,0,0.0000
운영 DB (cost_analysis.db),project_modules,9,2,module_type_id,INTEGER,1,0,0.0000
운영 DB (cost_analysis.db),project_modules,9,3,quantity,INTEGER,1,0,0.0000
운영 DB (cost_analysis.db),project_modules,9,4,floor_position,TEXT,0,0,1.0000
운영 DB (cost_analysis.db),project_modules,9,5,notes,TEXT,0,0,1.0000
운영 DB (cost_analysis.db),projects,27,0,project_id,INTEGER,0,1,0.0000
운영 DB (cost_analysis.db),projects,27,1,project_code,TEXT,1,0,0.0000
운영 DB (cost_analysis.db),projects,27,2,project_name,TEXT,1,0,0.0000
운영 DB (cost_analysis.db),projects,27,3,site_address,TEXT,0,0,1.0000
운영 DB (cost_analysis.db),projects,27,4,region,TEXT,0,0,1.0000
운영 DB (cost_analysis.db),projects,27,5,start_date,TEXT,0,0,1.0000
운영 DB (cost_analysis.db),projects,27,6,end_date,TEXT,0,0,1.0000
운영 DB (cost_analysis.db),projects,27,7,project_status,TEXT,0,0,0.0000
운영 DB (cost_analysis.db),projects,27,8,total_floor_area,REAL,0,0,1.0000
운영 DB (cost_analysis.db),projects,27,9,total_modules,INTEGER,0,0,1.0000
운영 DB (cost_analysis.db),projects,27,10,contract_amount,INTEGER,0,0,1.0000
운영 DB (cost_analysis.db),projects,27,11,final_cost,INTEGER,0,0,1.0000
운영 DB (cost_analysis.db),projects,27,12,notes,TEXT,0,0,0.1111
운영 DB (cost_analysis.db),projects,27,13,notion_page_id,TEXT,0,0,0.2963
운영 DB (cost_analysis.db),projects,27,14,created_at,TEXT,0,0,0.0000
운영 DB (cost_analysis.db),projects,27,15,progress_stage,TEXT,0,0,0.5185
운영 DB (cost_analysis.db),projects,27,16,customer_type,TEXT,0,0,0.5185
운영 DB (cost_analysis.db),projects,27,17,permit_type,TEXT,0,0,0.5185
운영 DB (cost_analysis.db),projects,27,18,product_type,TEXT,0,0,0.5556
운영 DB (cost_analysis.db),projects,27,19,contract_stage,TEXT,0,0,0.5185
운영 DB (cost_analysis.db),projects,27,20,module_size_text,TEXT,0,0,0.5185
운영 DB (cost_analysis.db),quote_module_catalog,49,0,id,INTEGER,0,1,0.0000
운영 DB (cost_analysis.db),quote_module_catalog,49,1,module_name,TEXT,1,0,0.0000
운영 DB (cost_analysis.db),quote_module_catalog,49,2,pyeong,REAL,0,0,0.0000
운영 DB (cost_analysis.db),quote_module_catalog,49,3,floor_area_m2,REAL,0,0,0.0000
운영 DB (cost_analysis.db),quote_module_catalog,49,4,is_wood,INTEGER,0,0,0.0000
운영 DB (cost_analysis.db),quote_module_catalog,49,5,selling_price_cement,INTEGER,0,0,0.0000
운영 DB (cost_analysis.db),quote_module_catalog,49,6,selling_price_louver,INTEGER,0,0,0.0000
운영 DB (cost_analysis.db),quote_module_catalog,49,7,selling_price,INTEGER,0,0,0.0000
운영 DB (cost_analysis.db),quote_module_catalog,49,8,estimated_factory_cost,INTEGER,0,0,0.0000
운영 DB (cost_analysis.db),quote_module_catalog,49,9,estimated_margin_pct,REAL,0,0,0.0000
운영 DB (cost_analysis.db),quote_module_catalog,49,10,created_at,TEXT,0,0,0.0000
운영 DB (cost_analysis.db),quote_option_catalog,52,0,id,INTEGER,0,1,0.0000
운영 DB (cost_analysis.db),quote_option_catalog,52,1,category,TEXT,0,0,0.0000
운영 DB (cost_analysis.db),quote_option_catalog,52,2,option_name,TEXT,1,0,0.0000
운영 DB (cost_analysis.db),quote_option_catalog,52,3,detail,TEXT,0,0,0.0000
운영 DB (cost_analysis.db),quote_option_catalog,52,4,unit,TEXT,0,0,0.0000
운영 DB (cost_analysis.db),quote_option_catalog,52,5,selling_price,INTEGER,0,0,0.0000
운영 DB (cost_analysis.db),quote_option_catalog,52,6,estimated_cost,INTEGER,0,0,0.0000
운영 DB (cost_analysis.db),quote_option_catalog,52,7,margin_pct,REAL,0,0,0.0000
운영 DB (cost_analysis.db),quote_option_catalog,52,8,work_code,TEXT,0,0,0.0000
운영 DB (cost_analysis.db),quote_option_catalog,52,9,cost_basis,TEXT,0,0,0.0000
운영 DB (cost_analysis.db),quote_option_catalog,52,10,created_at,TEXT,0,0,0.0000
운영 DB (cost_analysis.db),saved_estimates,0,0,saved_estimate_id,INTEGER,0,1,
운영 DB (cost_analysis.db),saved_estimates,0,1,name,TEXT,1,0,
운영 DB (cost_analysis.db),saved_estimates,0,2,input_modules,TEXT,1,0,
운영 DB (cost_analysis.db),saved_estimates,0,3,result_json,TEXT,1,0,
운영 DB (cost_analysis.db),saved_estimates,0,4,total_amount,INTEGER,0,0,
운영 DB (cost_analysis.db),saved_estimates,0,5,selected_area_m2,REAL,0,0,
운영 DB (cost_analysis.db),saved_estimates,0,6,notes,TEXT,0,0,
운영 DB (cost_analysis.db),saved_estimates,0,7,created_by,TEXT,0,0,
운영 DB (cost_analysis.db),saved_estimates,0,8,created_at,TEXT,0,0,
운영 DB (cost_analysis.db),unit_prices,18,0,unit_price_id,INTEGER,0,1,0.0000
운영 DB (cost_analysis.db),unit_prices,18,1,work_code_id,INTEGER,1,0,0.0000
운영 DB (cost_analysis.db),unit_prices,18,2,material_id,INTEGER,0,0,1.0000
운영 DB (cost_analysis.db),unit_prices,18,3,region,TEXT,0,0,1.0000
운영 DB (cost_analysis.db),unit_prices,18,4,unit_price,REAL,1,0,0.0000
운영 DB (cost_analysis.db),unit_prices,18,5,unit,TEXT,1,0,0.0000
운영 DB (cost_analysis.db),unit_prices,18,6,effective_from,TEXT,1,0,0.0000
운영 DB (cost_analysis.db),unit_prices,18,7,effective_to,TEXT,0,0,1.0000
운영 DB (cost_analysis.db),unit_prices,18,8,source,TEXT,0,0,0.0000
운영 DB (cost_analysis.db),unit_prices,18,9,confidence,REAL,0,0,0.0000
운영 DB (cost_analysis.db),unit_prices,18,10,created_at,TEXT,0,0,0.0000
운영 DB (cost_analysis.db),unit_prices,18,11,is_estimated,INTEGER,1,0,0.0000
운영 DB (cost_analysis.db),unit_prices,18,12,estimation_source,TEXT,0,0,0.9444
운영 DB (cost_analysis.db),work_codes,147,0,work_code_id,INTEGER,0,1,0.0000
운영 DB (cost_analysis.db),work_codes,147,1,work_code,TEXT,1,0,0.0000
운영 DB (cost_analysis.db),work_codes,147,2,parent_code_id,INTEGER,0,0,0.0408
운영 DB (cost_analysis.db),work_codes,147,3,level,INTEGER,1,0,0.0000
운영 DB (cost_analysis.db),work_codes,147,4,category,TEXT,1,0,0.0000
운영 DB (cost_analysis.db),work_codes,147,5,work_name_ko,TEXT,1,0,0.0000
운영 DB (cost_analysis.db),work_codes,147,6,work_name_en,TEXT,0,0,0.5034
운영 DB (cost_analysis.db),work_codes,147,7,unit,TEXT,0,0,0.0544
운영 DB (cost_analysis.db),work_codes,147,8,is_active,INTEGER,0,0,0.0000
sidecar enriched (autocost_enriched.db),actual_cost_corrections,483,0,correction_id,INTEGER,0,1,0.0000
sidecar enriched (autocost_enriched.db),actual_cost_corrections,483,1,actual_cost_id,INTEGER,1,0,0.0000
sidecar enriched (autocost_enriched.db),actual_cost_corrections,483,2,original_wc,TEXT,0,0,0.0000
sidecar enriched (autocost_enriched.db),actual_cost_corrections,483,3,corrected_wc,TEXT,0,0,0.0000
sidecar enriched (autocost_enriched.db),actual_cost_corrections,483,4,evidence,TEXT,0,0,0.0000
sidecar enriched (autocost_enriched.db),actual_cost_corrections,483,5,confidence,REAL,0,0,0.0000
sidecar enriched (autocost_enriched.db),actual_cost_corrections,483,6,raw_description,TEXT,0,0,0.0000
sidecar enriched (autocost_enriched.db),actual_cost_corrections,483,7,vendor_norm,TEXT,0,0,0.0704
sidecar enriched (autocost_enriched.db),actual_cost_corrections,483,8,project_code,TEXT,0,0,0.0000
sidecar enriched (autocost_enriched.db),actual_cost_corrections,483,9,amount,INTEGER,0,0,0.0000
sidecar enriched (autocost_enriched.db),actual_cost_corrections,483,10,created_at,TEXT,0,0,0.0000
sidecar enriched (autocost_enriched.db),actual_costs_enriched,1420,0,enriched_id,INTEGER,0,1,0.0000
sidecar enriched (autocost_enriched.db),actual_costs_enriched,1420,1,notion_page_id,TEXT,0,0,0.0000
sidecar enriched (autocost_enriched.db),actual_costs_enriched,1420,2,raw_title,TEXT,0,0,0.0000
sidecar enriched (autocost_enriched.db),actual_costs_enriched,1420,3,cost_type,TEXT,1,0,0.0000
sidecar enriched (autocost_enriched.db),actual_costs_enriched,1420,4,cost_type_raw,TEXT,0,0,0.0275
sidecar enriched (autocost_enriched.db),actual_costs_enriched,1420,5,work_code_text,TEXT,0,0,0.0190
sidecar enriched (autocost_enriched.db),actual_costs_enriched,1420,6,total_amount,INTEGER,0,0,0.0070
sidecar enriched (autocost_enriched.db),actual_costs_enriched,1420,7,settlement_date,TEXT,0,0,0.2169
sidecar enriched (autocost_enriched.db),actual_costs_enriched,1420,8,request_date,TEXT,0,0,0.3655
sidecar enriched (autocost_enriched.db),actual_costs_enriched,1420,9,status_code,TEXT,0,0,0.0824
sidecar enriched (autocost_enriched.db),actual_costs_enriched,1420,10,project_notion_id,TEXT,0,0,0.2373
sidecar enriched (autocost_enriched.db),actual_costs_enriched,1420,11,project_name_raw,TEXT,0,0,0.2373
sidecar enriched (autocost_enriched.db),actual_costs_enriched,1420,12,vendor_notion_id,TEXT,0,0,0.9972
sidecar enriched (autocost_enriched.db),actual_costs_enriched,1420,13,vendor_name_raw,TEXT,0,0,0.1021
sidecar enriched (autocost_enriched.db),actual_costs_enriched,1420,14,package,TEXT,0,0,0.9796
sidecar enriched (autocost_enriched.db),actual_costs_enriched,1420,15,parent_notion_id,TEXT,0,0,1.0000
sidecar enriched (autocost_enriched.db),actual_costs_enriched,1420,16,remark,TEXT,0,0,0.9986
sidecar enriched (autocost_enriched.db),actual_costs_enriched,1420,17,source_zip_id,TEXT,0,0,0.0000
sidecar enriched (autocost_enriched.db),actual_costs_enriched,1420,18,fetched_at,TEXT,0,0,0.0000
sidecar enriched (autocost_enriched.db),etl_runs,0,0,run_id,INTEGER,0,1,
sidecar enriched (autocost_enriched.db),etl_runs,0,1,ran_at,TEXT,0,0,
sidecar enriched (autocost_enriched.db),etl_runs,0,2,source,TEXT,0,0,
sidecar enriched (autocost_enriched.db),etl_runs,0,3,added_rows,INTEGER,0,0,
sidecar enriched (autocost_enriched.db),etl_runs,0,4,updated_rows,INTEGER,0,0,
sidecar enriched (autocost_enriched.db),etl_runs,0,5,removed_rows,INTEGER,0,0,
sidecar enriched (autocost_enriched.db),etl_runs,0,6,model_version_before,TEXT,0,0,
sidecar enriched (autocost_enriched.db),etl_runs,0,7,model_version_after,TEXT,0,0,
sidecar enriched (autocost_enriched.db),etl_runs,0,8,material_mape_before,FLOAT,0,0,
sidecar enriched (autocost_enriched.db),etl_runs,0,9,material_mape_after,FLOAT,0,0,
sidecar enriched (autocost_enriched.db),etl_runs,0,10,activated,INTEGER,0,0,
sidecar enriched (autocost_enriched.db),etl_runs,0,11,message,TEXT,0,0,
sidecar enriched (autocost_enriched.db),material_quote_lines,588,0,line_id,INTEGER,0,1,0.0000
sidecar enriched (autocost_enriched.db),material_quote_lines,588,1,source,TEXT,1,0,0.0000
sidecar enriched (autocost_enriched.db),material_quote_lines,588,2,source_file,TEXT,1,0,0.0000
sidecar enriched (autocost_enriched.db),material_quote_lines,588,3,vendor,TEXT,0,0,0.0000
sidecar enriched (autocost_enriched.db),material_quote_lines,588,4,project_code,TEXT,0,0,0.0629
sidecar enriched (autocost_enriched.db),material_quote_lines,588,5,work_code,TEXT,0,0,0.4507
sidecar enriched (autocost_enriched.db),material_quote_lines,588,6,item_name,TEXT,0,0,0.0000
sidecar enriched (autocost_enriched.db),material_quote_lines,588,7,spec,TEXT,0,0,0.7007
sidecar enriched (autocost_enriched.db),material_quote_lines,588,8,unit,TEXT,0,0,0.8690
sidecar enriched (autocost_enriched.db),material_quote_lines,588,9,qty,REAL,0,0,0.0306
sidecar enriched (autocost_enriched.db),material_quote_lines,588,10,unit_price,REAL,0,0,0.0901
sidecar enriched (autocost_enriched.db),material_quote_lines,588,11,amount,REAL,0,0,0.1582
sidecar enriched (autocost_enriched.db),material_quote_lines,588,12,extraction_method,TEXT,0,0,0.0000
sidecar enriched (autocost_enriched.db),material_quote_lines,588,13,loaded_at,TEXT,0,0,0.0000
sidecar enriched (autocost_enriched.db),model_versions,0,0,version_id,INTEGER,0,1,
sidecar enriched (autocost_enriched.db),model_versions,0,1,version,TEXT,0,0,
sidecar enriched (autocost_enriched.db),model_versions,0,2,trained_at,TEXT,0,0,
sidecar enriched (autocost_enriched.db),model_versions,0,3,data_range_start,TEXT,0,0,
sidecar enriched (autocost_enriched.db),model_versions,0,4,data_range_end,TEXT,0,0,
sidecar enriched (autocost_enriched.db),model_versions,0,5,metrics_json,TEXT,0,0,
sidecar enriched (autocost_enriched.db),model_versions,0,6,status,TEXT,0,0,
sidecar enriched (autocost_enriched.db),model_versions,0,7,created_by,TEXT,0,0,
sidecar enriched (autocost_enriched.db),model_versions,0,8,notes,TEXT,0,0,
sidecar enriched (autocost_enriched.db),projects_master,23,0,project_notion_id,TEXT,0,1,0.0000
sidecar enriched (autocost_enriched.db),projects_master,23,1,name,TEXT,0,0,0.0000
sidecar enriched (autocost_enriched.db),projects_master,23,2,module_code_hint,TEXT,0,0,0.3478
sidecar enriched (autocost_enriched.db),projects_master,23,3,address,TEXT,0,0,0.8696
sidecar enriched (autocost_enriched.db),projects_master,23,4,customer_type,TEXT,0,0,0.3478
sidecar enriched (autocost_enriched.db),projects_master,23,5,product_type,TEXT,0,0,0.3478
sidecar enriched (autocost_enriched.db),projects_master,23,6,permit_type,TEXT,0,0,0.3478
sidecar enriched (autocost_enriched.db),projects_master,23,7,contract_stage,TEXT,0,0,0.3913
sidecar enriched (autocost_enriched.db),projects_master,23,8,progress_stage,TEXT,0,0,0.3478
sidecar enriched (autocost_enriched.db),projects_master,23,9,cost_row_count,INTEGER,0,0,0.0000
sidecar enriched (autocost_enriched.db),projects_master,23,10,cost_total,INTEGER,0,0,0.0000
sidecar enriched (autocost_enriched.db),projects_master,23,11,raw_payload,TEXT,0,0,0.3043
sidecar enriched (autocost_enriched.db),projects_master,23,12,fetched_at,TEXT,0,0,0.0000
sidecar enriched (autocost_enriched.db),vendors_master,429,0,vendor_notion_id,TEXT,0,1,0.0000
sidecar enriched (autocost_enriched.db),vendors_master,429,1,name,TEXT,0,0,0.0000
sidecar enriched (autocost_enriched.db),vendors_master,429,2,business_no,TEXT,0,0,0.3706
sidecar enriched (autocost_enriched.db),vendors_master,429,3,bank_account,TEXT,0,0,0.0676
sidecar enriched (autocost_enriched.db),vendors_master,429,4,bank_name,TEXT,0,0,1.0000
sidecar enriched (autocost_enriched.db),vendors_master,429,5,account_holder,TEXT,0,0,1.0000
sidecar enriched (autocost_enriched.db),vendors_master,429,6,category,TEXT,0,0,0.0769
sidecar enriched (autocost_enriched.db),vendors_master,429,7,raw_payload,TEXT,0,0,0.0000
sidecar enriched (autocost_enriched.db),vendors_master,429,8,fetched_at,TEXT,0,0,0.0000
